id,uuid,observed_on_string,observed_on,time_observed_at,time_zone,user_id,user_login,user_name,created_at,updated_at,quality_grade,license,url,image_url,sound_url,tag_list,description,num_identification_agreements,num_identification_disagreements,captive_cultivated,oauth_application_id,place_guess,latitude,longitude,positional_accuracy,private_place_guess,private_latitude,private_longitude,public_positional_accuracy,geoprivacy,taxon_geoprivacy,coordinates_obscured,positioning_method,positioning_device,species_guess,scientific_name,common_name,iconic_taxon_name,taxon_id
490450,a7086931-b0d4-4c0a-b8b6-c7602e71e9f4,2013-12-30,2013-12-30,,Mexico City,12281,erendiracanales,Eréndira Canales,2013-12-31 05:31:52 UTC,2017-05-11 16:26:37 UTC,research,CC-BY-NC-SA,http://conabio.inaturalist.org/observations/490450,https://inaturalist-open-data.s3.amazonaws.com/photos/620590/medium.JPG,,"","",2,0,false,,Mascota Jalisco,20.48243,-104.781672,191,,,,191,,,false,,,Maguey lechuguilla,Agave maximiliana,,Plantae,273686
785183,68459431-77bf-431d-b2cc-ea54c041b8a0,2014-07-06,2014-07-06,,Guadalajara,5784,julio,Julio Alejandro Álvarez Ruiz,2014-07-15 07:49:48 UTC,2023-02-19 02:31:55 UTC,research,CC-BY,http://conabio.inaturalist.org/observations/785183,https://static.inaturalist.org/photos/986770/medium.JPG,,"","En el Bosque Mesófilo con Arce, Talpa de Allende, Jalisco.",1,0,false,,"Talpa de Allende, MX-JA, MX",20.2171,-104.744854,997,,,,997,,,false,,,Maguey lechuguilla,Agave maximiliana,,Plantae,273686
1999166,76357a74-7904-4084-9bf5-a5ccdbf833ab,2015-09-19,2015-09-19,,Guadalajara,46643,josemareyes,Josema,2015-09-25 22:19:08 UTC,2019-02-17 04:47:31 UTC,research,CC-BY-NC,http://conabio.inaturalist.org/observations/1999166,https://inaturalist-open-data.s3.amazonaws.com/photos/2432208/medium.JPG,,"",,3,0,false,,"Reserva Privada Bosque Antiguo, AC",21.871854,-103.870572,,,,,,,,false,,,Agave maximiliana maximiliana,Agave maximiliana maximiliana,,Plantae,314481
2823889,01e7779f-8aeb-47bd-867c-23cdd9ba7f43,2015-12-08,2015-12-08,,Mexico City,46217,nachotorres,Ignacio Torres García,2016-03-24 05:15:10 UTC,2016-11-26 14:04:11 UTC,research,CC-BY-NC,http://conabio.inaturalist.org/observations/2823889,https://inaturalist-open-data.s3.amazonaws.com/photos/3212995/medium.JPG,,"","",3,0,false,,Mascota,20.419055,-104.642903,31,,,,31,,,false,,,Agave maximiliana,Agave maximiliana,,Plantae,273686
2928615,83f6b79e-c6f5-48d5-b8e9-bfeb4390b765,2016-04-13 11:07:14 AM CDT,2016-04-13,2016-04-13 16:07:14 UTC,Central Time (US & Canada),46217,nachotorres,Ignacio Torres García,2016-04-13 16:25:33 UTC,2016-11-26 15:19:59 UTC,research,CC-BY-NC,http://conabio.inaturalist.org/observations/2928615,https://inaturalist-open-data.s3.amazonaws.com/photos/3355081/medium.jpeg,,"","",4,0,false,2,Mascota Jal.,20.467888,-104.74678,31,,,,31,,,false,gps,gps,Maguey lechuguilla,Agave maximiliana,,Plantae,273686
4254724,86bbeffd-d4f6-42c9-bb7f-a9bb93755ff1,2014-12-13,2014-12-13,,Central Time (US & Canada),15762,adenova,J. Arturo de Nova,2016-10-02 20:13:10 UTC,2019-01-08 06:31:52 UTC,research,,http://conabio.inaturalist.org/observations/4254724,https://static.inaturalist.org/photos/5089642/medium.jpg,,"","",2,0,false,,mascota jalisco,20.526003,-104.789225,2606,,,,2606,,,false,,google,"",Agave maximiliana,,Plantae,273686
5642809,fdee18d4-7275-4f15-8a08-06ab7f38fe4c,2017/04/09 10:50 AM CDT,2017-04-09,2017-04-09 15:50:00 UTC,Central Time (US & Canada),78552,carlospalomera,Carlos Palomera,2017-04-10 22:41:41 UTC,2024-07-05 15:55:34 UTC,research,CC-BY-NC-ND,http://conabio.inaturalist.org/observations/5642809,https://inaturalist-open-data.s3.amazonaws.com/photos/6982248/medium.jpg,,"",,2,0,false,,"Autlán de Navarro, Jal., México",19.7841496354,-104.4483947754,977,,,,977,,,false,,,Maguey lechuguilla,Agave maximiliana,,Plantae,273686
9142766,2286fac5-34ae-4ac9-ab86-d250ec76ed47,2017/12/11 10:16 AM CST,2017-12-11,2017-12-11 16:16:00 UTC,Central Time (US & Canada),5784,julio,Julio Alejandro Álvarez Ruiz,2017-12-13 08:55:56 UTC,2023-02-19 02:31:55 UTC,research,CC-BY,https://www.inaturalist.org/observations/9142766,https://static.inaturalist.org/photos/12359396/medium.jpeg,,"",,1,0,false,,"Mascota, Jal., México",20.4795771348,-104.7675937414,8,,,,8,,,false,,,Maguey lechuguilla,Agave maximiliana,,Plantae,273686
9142783,308b638e-284b-406b-8105-7aaf9ca3ae38,2017/12/11 1:21 PM CST,2017-12-11,2017-12-11 19:21:00 UTC,Central Time (US & Canada),5784,julio,Julio Alejandro Álvarez Ruiz,2017-12-13 08:56:17 UTC,2023-02-19 02:31:55 UTC,research,CC-BY,https://www.inaturalist.org/observations/9142783,https://static.inaturalist.org/photos/12359432/medium.jpeg,,"",,1,0,false,,"Mascota, Jal., México",20.4791751046,-104.7656035423,15,,,,15,,,false,,,Maguey lechuguilla,Agave maximiliana,,Plantae,273686
12112193,9681f06e-54b7-455d-b5ec-49cf7d221a51,2018-05-02 9:43:29 AM CDT,2018-05-02,2018-05-02 14:43:29 UTC,Central Time (US & Canada),846765,erika106,"",2018-05-04 00:10:34 UTC,2019-06-14 22:57:43 UTC,research,,https://www.inaturalist.org/observations/12112193,https://static.inaturalist.org/photos/17472800/medium.jpeg,,"",,2,0,false,2,"Mascota, MX-JA, MX",20.523546,-104.7898355,3700,,,,3700,,,false,,,Maguey lechuguilla,Agave maximiliana,,Plantae,273686
12170716,6d1d5f4b-90ef-4f39-9440-fe0a08e7d427,2018-05-02 9:45:54 AM CDT,2018-05-02,2018-05-02 14:45:54 UTC,Central Time (US & Canada),846765,erika106,"",2018-05-05 20:08:48 UTC,2021-10-18 03:07:17 UTC,research,,https://www.inaturalist.org/observations/12170716,https://static.inaturalist.org/photos/17473000/medium.jpeg,,"",,4,1,false,2,"Altamirano 128-132, Centro, 46900 Mascota, Jal., México",20.5290908813,-104.7887420654,,,,,,,open,false,gps,gps,Maguey lechuguilla,Agave maximiliana,,Plantae,273686
13816502,6a12a59e-34d9-4858-9a9e-5403e84fc4cf,2018/02/08 3:08 PM MST,2018-02-08,2018-02-08 22:08:00 UTC,Mountain Time (US & Canada),982015,oscarcar,Oscar Carreón,2018-06-26 23:50:58 UTC,2023-03-31 02:31:18 UTC,research,CC-BY-NC,https://www.inaturalist.org/observations/13816502,https://inaturalist-open-data.s3.amazonaws.com/photos/20384448/medium.jpg,,"",,2,1,false,,"San Sebastián del Oeste, Jal., México",20.7880539117,-104.8562407275,100,,,,100,,open,false,,,Maguey lechuguilla,Agave maximiliana,,Plantae,273686
14342809,bbaf5567-c2f7-46d0-9bb7-752db59a68a6,2018/07/13 8:49 AM CDT,2018-07-13,2018-07-13 13:49:00 UTC,Central Time (US & Canada),5784,julio,Julio Alejandro Álvarez Ruiz,2018-07-14 11:16:53 UTC,2023-02-19 02:31:55 UTC,research,CC-BY,https://www.inaturalist.org/observations/14342809,https://static.inaturalist.org/photos/21312667/medium.jpeg,,"","",1,0,false,,"Cerro El Colli, Zapopan, Jal., México",20.6574963765,-103.4577930619,8,,,,8,,,false,,,Maguey lechuguilla,Agave maximiliana,,Plantae,273686
14342830,08f96cf0-c68c-4221-b5bf-18a6c1de7e26,2018/07/13 9:33 AM CDT,2018-07-13,2018-07-13 14:33:00 UTC,Central Time (US & Canada),5784,julio,Julio Alejandro Álvarez Ruiz,2018-07-14 11:17:09 UTC,2023-02-19 02:31:55 UTC,research,CC-BY,https://www.inaturalist.org/observations/14342830,https://static.inaturalist.org/photos/21312729/medium.jpeg,,"","",1,0,false,,"Cerro El Colli, Zapopan, Jal., México",20.6583451789,-103.4601469899,8,,,,8,,,false,,,Maguey lechuguilla,Agave maximiliana,,Plantae,273686
14507745,28223537-8574-4638-8ff5-68ba2d38b510,Mon Jul 16 2018 14:00:32 GMT-0500 (CDT),2018-07-16,2018-07-16 19:00:32 UTC,Central Time (US & Canada),864530,edgarpadilla,Edgar Padilla,2018-07-19 05:38:57 UTC,2018-08-10 16:59:06 UTC,research,,https://www.inaturalist.org/observations/14507745,https://static.inaturalist.org/photos/21597750/medium.jpg,,"",,2,0,false,3,"Talpa de Allende, Talpa de Allende, JAL, MX",20.2116133333,-104.759025,6,,,,6,,,false,,,Maguey lechuguilla,Agave maximiliana,,Plantae,273686
15454481,9641aadb-db5b-4f9f-874a-4bb633daa501,Wed Aug 15 2018 11:14:20 GMT-0500 (CDT),2018-08-15,2018-08-15 16:14:20 UTC,Central Time (US & Canada),1050458,jessgomez,Jessica Nayeli Gómez,2018-08-15 18:26:05 UTC,2018-08-23 01:39:32 UTC,research,,https://www.inaturalist.org/observations/15454481,https://static.inaturalist.org/photos/23185259/medium.jpg,,"",,1,0,false,3,"Zapopan, Zapopan, JAL, MX",20.7474283333,-103.51413,5,,,,5,,,false,,,Maguey lechuguilla,Agave maximiliana,,Plantae,273686
15912878,ebd82eb0-cedc-472a-ba9b-97465508d651,2018-08-26 10:47:08 AM CDT,2018-08-26,2018-08-26 15:47:08 UTC,Central Time (US & Canada),1142304,melinafigueroamontes,,2018-08-26 16:04:19 UTC,2018-08-31 14:46:28 UTC,research,CC-BY-NC,https://www.inaturalist.org/observations/15912878,https://inaturalist-open-data.s3.amazonaws.com/photos/23800787/medium.jpeg,,"",,1,0,false,2,"Calle Liborio Montes 18, La Mesa, Jal., Mexico",19.61834386,-103.52150732,9,,,,9,,,false,,,Agave maximiliana,Agave maximiliana,,Plantae,273686
16635686,97862f27-7ff2-49c2-81f2-bda4c8d8f919,2017/12/22 6:43 PM CST,2017-12-22,2017-12-23 00:43:00 UTC,Central Time (US & Canada),17401,najera_tutor,Pedro Nájera Quezada,2018-09-17 19:20:47 UTC,2023-07-07 02:02:15 UTC,research,CC-BY-NC,https://www.inaturalist.org/observations/16635686,https://inaturalist-open-data.s3.amazonaws.com/photos/25073496/medium.jpeg,,"",,1,0,false,,"Mezquitic, Jal., México",22.1949826658,-104.2310040857,758,,,,758,,,false,,,Agave maximiliana,Agave maximiliana,,Plantae,273686
16635751,3b8fb6d5-d299-4314-b486-0cd946ec6c61,2017/12/24 3:05 PM CST,2017-12-24,2017-12-24 21:05:00 UTC,Central Time (US & Canada),17401,najera_tutor,Pedro Nájera Quezada,2018-09-17 19:21:26 UTC,2023-07-07 02:07:15 UTC,research,CC-BY-NC,https://www.inaturalist.org/observations/16635751,https://inaturalist-open-data.s3.amazonaws.com/photos/25075091/medium.jpeg,,"",,1,0,false,,"Mezquitic, Jal., México",22.2194707235,-104.2331546269,313,,,,313,,,false,,,Agave maximiliana,Agave maximiliana,,Plantae,273686
17927186,f59e3ccf-210b-4030-866e-38ebf6713fc0,Fri Oct 26 2018 14:14:34 GMT-0500 (CDT),2018-10-26,2018-10-26 19:14:34 UTC,Central Time (US & Canada),408674,alexordorica,,2018-10-29 04:39:36 UTC,2018-11-03 06:54:46 UTC,research,,https://www.inaturalist.org/observations/17927186,https://static.inaturalist.org/photos/27389077/medium.jpg,,"",,1,0,false,3,"Tecolotlán, Tecolotlán, JAL, MX",20.2735373729,-104.0628340805,1471,,,,1471,,,false,,,Maguey lechuguilla,Agave maximiliana,,Plantae,273686
18936463,67405ce6-61be-4d3d-820e-8e529a1214a3,Sun Dec 09 2018 10:18:42 GMT-0600 (CST),2018-12-09,2018-12-09 16:18:42 UTC,Central Time (US & Canada),864530,edgarpadilla,Edgar Padilla,2018-12-10 07:21:23 UTC,2019-03-01 04:38:23 UTC,research,,https://www.inaturalist.org/observations/18936463,https://static.inaturalist.org/photos/29115172/medium.jpg,,"",,1,0,false,3,"Mascota, Mascota, JAL, MX",20.61547,-104.7531666667,8,,,,8,,,false,,,Maguey lechuguilla,Agave maximiliana,,Plantae,273686
19003093,041d4131-2340-4baf-831f-b310ecfc218d,Mon Nov 19 2018 15:06:22 GMT-0600 (CST),2018-11-19,2018-11-19 21:06:22 UTC,Central Time (US & Canada),408674,alexordorica,,2018-12-13 22:43:24 UTC,2019-11-24 11:49:45 UTC,research,,https://www.inaturalist.org/observations/19003093,https://static.inaturalist.org/photos/29140057/medium.jpg,,"",,3,1,false,3,"Carretera San Clemente-Entronque Las Cruces, Cuautla, JAL, MX",20.255955,-104.4955883333,16,,,,16,,,false,,,Maguey lechuguilla,Agave maximiliana,,Plantae,273686
19196601,e2298fce-2551-4293-9b18-607611b5db60,2017/08/08 8:22 AM CDT,2017-08-08,2017-08-08 13:22:00 UTC,Central Time (US & Canada),24338,hormiguel,Miguel Vásquez Bolaños,2018-12-24 17:40:38 UTC,2019-01-02 23:46:19 UTC,research,CC-BY-NC,https://www.inaturalist.org/observations/19196601,https://inaturalist-open-data.s3.amazonaws.com/photos/29485348/medium.jpg,,"",,2,0,false,,"San Sebastián del Oeste, Jal., México",20.7568776425,-104.9343137102,8,,,,8,,,false,,,Maguey lechuguilla,Agave maximiliana,,Plantae,273686
19665215,8d274957-a64b-49d7-b9a9-0c7e74ec10f8,Sun Jan 13 2019 16:06:20 GMT-0600 (CST),2019-01-13,2019-01-13 22:06:20 UTC,Central Time (US & Canada),1129898,jos125,José Orozco Dueñas,2019-01-15 23:28:38 UTC,2019-03-01 04:31:44 UTC,research,,https://www.inaturalist.org/observations/19665215,https://static.inaturalist.org/photos/30287108/medium.jpg,,"",,1,0,false,3,"Mascota, Mascota, JAL, MX",20.679697884,-104.6456002268,16995,,,,16995,,,false,,,Maguey lechuguilla,Agave maximiliana,,Plantae,273686
19977871,a4ffede4-d0e9-42c6-a547-6a316cbf54e0,Sun Jan 20 2019 13:01:49 GMT-0800 (PST),2019-01-20,2019-01-20 21:01:49 UTC,Pacific Time (US & Canada),939434,paul_contreras,,2019-01-31 00:28:09 UTC,2019-04-14 05:24:19 UTC,research,CC-BY-NC,https://www.inaturalist.org/observations/19977871,https://inaturalist-open-data.s3.amazonaws.com/photos/30831000/medium.jpg,,"",,2,0,false,3,"Carretera a Talpa de Allende, Mascota, JAL, MX",20.4205888441,-104.8004654803,22,,,,22,,,false,,,Maguey lechuguilla,Agave maximiliana,,Plantae,273686
20320370,db31f289-bab9-4f19-835e-64ad5bf3eef5,2016/07/12 12:31 PM CDT,2016-07-12,2016-07-12 17:31:00 UTC,Central Time (US & Canada),62141,pcarreyes,Pablo Carrillo-Reyes,2019-02-13 14:23:54 UTC,2021-10-18 00:53:35 UTC,research,CC-BY-NC,https://www.inaturalist.org/observations/20320370,https://inaturalist-open-data.s3.amazonaws.com/photos/31376892/medium.jpeg,,"",,2,0,false,,"Bolaños, Jal., México",21.8861305556,-103.8359444444,,,,,,,open,false,,,Maguey lechuguilla,Agave maximiliana,,Plantae,273686
22960078,61382d09-2bbf-45ff-bffa-417550e1522a,2016/04/09 5:18 PM CDT,2016-04-09,2016-04-09 22:18:00 UTC,Central Time (US & Canada),78552,carlospalomera,Carlos Palomera,2019-04-23 20:22:22 UTC,2024-07-05 15:55:34 UTC,research,CC-BY-NC-ND,https://www.inaturalist.org/observations/22960078,https://inaturalist-open-data.s3.amazonaws.com/photos/35589346/medium.jpeg,,"","",1,0,false,,"Ayutla, Jal., México",20.1016796553,-104.6001649495,31,,,,31,,,false,,,Maguey lechuguilla,Agave maximiliana,,Plantae,273686
28452604,452489c4-7677-4edd-84e6-2e7e9251c190,2019-07-08,2019-07-08,,UTC,1911510,mayraob,,2019-07-08 19:28:20 UTC,2019-07-10 15:47:14 UTC,research,,https://www.inaturalist.org/observations/28452604,https://inaturalist-open-data.s3.amazonaws.com/photos/44353797/medium.jpeg,,"",,2,0,false,333,Barranca de Otates,20.2703449225,-103.6596662149,,,,,,,,false,,,Maguey lechuguilla,Agave maximiliana,,Plantae,273686
31274674,8ad0f145-4262-43db-be80-105a3eb8c709,2019/05/03 9:55 AM HST,2019-05-03,2019-05-03 19:55:00 UTC,Hawaii,315237,august0,Augusto Castañeda-Guzmán,2019-08-22 05:28:15 UTC,2019-08-25 00:29:10 UTC,research,,https://www.inaturalist.org/observations/31274674,https://static.inaturalist.org/photos/48930958/medium.jpeg,,"",,2,0,false,,"Talpa de Allende, Jal., México",20.2124477472,-104.7594544054,31,,,,31,,,false,,,Maguey lechuguilla,Agave maximiliana,,Plantae,273686
32449905,1923b4fe-0ac3-40dd-a125-7bf6b190f1a0,2019/09/08 2:17 PM CDT,2019-09-08,2019-09-08 19:17:00 UTC,Guadalajara,46643,josemareyes,Josema,2019-09-10 02:52:07 UTC,2024-08-14 18:47:51 UTC,research,CC-BY-NC,https://www.inaturalist.org/observations/32449905,https://inaturalist-open-data.s3.amazonaws.com/photos/50896896/medium.jpeg,,"",,2,0,false,,"Bolaños, Jal., México",21.8895681305,-103.8616938768,323,,,,323,,,false,,,Maguey lechuguilla,Agave maximiliana,,Plantae,273686
33468973,477de4a4-1982-4ec5-a5b6-48f9bad8ea18,Fri Sep 20 2019 11:29:07 GMT-0700 (PDT),2019-09-20,2019-09-20 18:29:07 UTC,Pacific Time (US & Canada),864530,edgarpadilla,Edgar Padilla,2019-09-27 06:01:44 UTC,2019-09-27 22:57:49 UTC,research,,https://www.inaturalist.org/observations/33468973,https://static.inaturalist.org/photos/52570006/medium.jpg,,"",,1,0,false,3,"Mascota, JAL, MX",20.6293416667,-104.7304383333,6,,,,6,,,false,,,Maguey lechuguilla,Agave maximiliana,,Plantae,273686
36210210,e7b64551-fd40-471b-a680-83ad512c2e60,Thu Nov 28 2019 15:00:29 GMT-0600 (CST),2019-11-28,2019-11-28 21:00:29 UTC,Guadalajara,1050458,jessgomez,Jessica Nayeli Gómez,2019-11-30 05:36:17 UTC,2023-04-10 16:24:15 UTC,research,,https://www.inaturalist.org/observations/36210210,https://static.inaturalist.org/photos/57211280/medium.jpg,,"",,1,0,false,3,"Cuautla, JAL, MX",20.2170292855,-104.4195460657,5257,,,,5257,,open,false,,,Maguey lechuguilla,Agave maximiliana,,Plantae,273686
36210250,9ecf687a-a248-4378-9532-a895ea03ca0d,Thu Nov 28 2019 15:01:05 GMT-0600 (CST),2019-11-28,2019-11-28 21:01:05 UTC,Guadalajara,1050458,jessgomez,Jessica Nayeli Gómez,2019-11-30 05:38:15 UTC,2023-04-10 16:23:39 UTC,research,,https://www.inaturalist.org/observations/36210250,https://static.inaturalist.org/photos/57211333/medium.jpg,,"",,2,1,false,3,"Cuautla, JAL, MX",20.25455,-104.51622,,,,,,,open,false,,,Maguey lechuguilla,Agave maximiliana,,Plantae,273686
37356565,4aca001a-b384-495f-95bc-463dd125fb39,2017/11/12 11:53 AM CST,2017-11-12,2017-11-12 17:53:00 UTC,Guadalajara,17894,ana_santiago,Ana Santiago,2020-01-07 01:38:49 UTC,2020-05-31 02:30:44 UTC,research,CC-BY-NC,https://www.inaturalist.org/observations/37356565,https://inaturalist-open-data.s3.amazonaws.com/photos/59206228/medium.jpeg,,"",,2,0,false,,"Tecolotlán, Jal., México",20.2975707035,-104.0392974456,9,,,,9,,,false,,,Maguey lechuguilla,Agave maximiliana,,Plantae,273686
37803924,af7595e0-03b5-4191-b8b3-8a9c44d48a1f,Sat Jan 18 2020 16:30:09 GMT-0600 (CST),2020-01-18,2020-01-19 02:30:09 UTC,Hawaii,1411422,santiago_rosales_9,Santiago Rosales,2020-01-21 03:22:05 UTC,2020-06-10 21:16:08 UTC,research,CC-BY-NC,https://www.inaturalist.org/observations/37803924,https://inaturalist-open-data.s3.amazonaws.com/photos/60004492/medium.jpg,,"",,2,0,false,3,"Tapalpa, JAL, MX",20.001280555,-103.7426,,,,,,,,false,,,Maguey lechuguilla,Agave maximiliana,,Plantae,273686
38377176,7cb1f89d-6b32-4f13-bff8-be1530287aa8,Sat Nov 02 2019 10:15:36 GMT-0600 (CST),2019-11-02,2019-11-02 10:15:36 UTC,UTC,1262628,brian445,Brian Salvador Orozco Dueñas,2020-02-07 02:53:37 UTC,2020-05-31 18:56:49 UTC,research,,https://www.inaturalist.org/observations/38377176,https://static.inaturalist.org/photos/60985474/medium.jpg,,"",,1,0,false,3,"Mascota, JAL, MX",20.597945,-104.64453,,,,,,,,false,,,Maguey lechuguilla,Agave maximiliana,,Plantae,273686
38772297,538988f1-81a8-474b-8f17-965b1bd6c6ea,2016/03/30 11:21 AM CDT,2016-03-30,2016-03-30 16:21:00 UTC,Central Time (US & Canada),78552,carlospalomera,Carlos Palomera,2020-02-17 22:43:39 UTC,2024-07-05 15:55:34 UTC,research,CC-BY-NC-ND,https://www.inaturalist.org/observations/38772297,https://inaturalist-open-data.s3.amazonaws.com/photos/61674112/medium.jpg,,"",,2,0,false,,"Mezquitic, Jal., México",22.3790280841,-103.7357359513,977,,,,977,,,false,,,Maguey lechuguilla,Agave maximiliana,,Plantae,273686
39063643,30c66e58-ab05-47c4-8719-05369c1725ae,2020/02/15 5:24 PM HST,2020-02-15,2020-02-16 03:24:00 UTC,Hawaii,363322,alfredo914,Alfredo Diaz Torres,2020-02-22 22:58:30 UTC,2020-03-30 15:18:22 UTC,research,,https://www.inaturalist.org/observations/39063643,https://static.inaturalist.org/photos/61982850/medium.jpeg,,"",,1,0,false,,"Tolimán, Jal., México",19.54070479,-103.977501347,488,,,,488,,,false,,,Maguey lechuguilla,Agave maximiliana,,Plantae,273686
47081298,86f8950b-71d3-4f18-b678-88a4d8289413,2008/10/25 3:48 PM CDT,2008-10-25,2008-10-25 20:48:00 UTC,Mexico City,22707,coatzin_tutor,M. Domínguez-Laso,2020-05-24 07:29:01 UTC,2020-05-29 04:59:08 UTC,research,,https://www.inaturalist.org/observations/47081298,https://static.inaturalist.org/photos/74668123/medium.jpeg,,"",,2,0,false,,"Sierra de Quila, Jalisco, México",20.2988889,-104.0183333,2034,,,,2034,,,false,,,Maguey lechuguilla,Agave maximiliana,,Plantae,273686
48408585,3452fa53-05e3-4999-820e-d7e7348e2d21,2020/06/02 9:09 AM CDT,2020-06-02,2020-06-02 14:09:00 UTC,Guadalajara,376395,emmguevara,Emmanuel Guevara Lazcano,2020-06-04 03:56:43 UTC,2022-07-16 14:06:17 UTC,research,CC-BY-NC-SA,https://www.inaturalist.org/observations/48408585,https://inaturalist-open-data.s3.amazonaws.com/photos/76806608/medium.jpeg,,"","",3,1,false,,"Zapopan, Jal., México",20.6617511073,-103.458963098,8,,,,8,,open,false,,,Maguey lechuguilla,Agave maximiliana,,Plantae,273686
49905306,5905ffb7-3e42-43cd-b6a0-8cf131b53515,2020/06/14 10:36 AM CDT,2020-06-14,2020-06-14 15:36:00 UTC,Guadalajara,5784,julio,Julio Alejandro Álvarez Ruiz,2020-06-17 01:46:36 UTC,2024-10-10 20:42:21 UTC,research,CC-BY,https://www.inaturalist.org/observations/49905306,https://static.inaturalist.org/photos/79233082/medium.jpeg,,"",,2,0,false,,"Etzatlán, Jal., México",20.7292139822,-104.03142534,8,,,,8,,open,false,,,Maguey lechuguilla,Agave maximiliana,,Plantae,273686
50950740,a89d591f-eb92-4552-8512-de677f16ce58,2020/06/20 4:03 PM HST,2020-06-20,2020-06-21 02:03:00 UTC,Hawaii,1914366,siharacg,"",2020-06-26 02:19:34 UTC,2022-09-15 23:10:56 UTC,research,CC-BY-NC,https://www.inaturalist.org/observations/50950740,https://inaturalist-open-data.s3.amazonaws.com/photos/81085556/medium.jpeg,,"","En bosque de pino encino, con Pinnus lumholtzii y Agave maximiliana",3,0,false,,"Chiquilistlán, Jal., México",20.1386444444,-103.8518666667,,,,,,,,false,,,Tigridia dugesii,Tigridia dugesii,,Plantae,316707
52439544,8efdfb97-eb40-488a-8e84-7503f859105c,2020/07/05 9:47 AM CDT,2020-07-05,2020-07-05 14:47:00 UTC,Guadalajara,376395,emmguevara,Emmanuel Guevara Lazcano,2020-07-09 04:45:20 UTC,2020-08-17 21:27:24 UTC,research,CC-BY-NC-SA,https://www.inaturalist.org/observations/52439544,https://inaturalist-open-data.s3.amazonaws.com/photos/83359994/medium.jpeg,,"","",2,0,false,,"Tapalpa, Jal., México",19.9391266404,-103.8113978041,15,,,,15,,,false,,,Maguey lechuguilla,Agave maximiliana,,Plantae,273686
59551376,20037192-5d11-4a02-80df-456d10678e6c,2020/09/13 12:45 PM CDT,2020-09-13,2020-09-13 17:45:00 UTC,Guadalajara,5784,julio,Julio Alejandro Álvarez Ruiz,2020-09-14 06:11:52 UTC,2023-02-19 02:31:55 UTC,research,CC-BY,https://www.inaturalist.org/observations/59551376,https://static.inaturalist.org/photos/95158197/medium.jpeg,,"",,1,0,false,,"San Marcos, Jal., México",20.8256925641,-104.2405604953,800,,,,800,,,false,,,Maguey lechuguilla,Agave maximiliana,,Plantae,273686
64038087,bafab045-a98b-4ea6-8ee7-aac65dc7a85b,2020/10/29 1:32 PM CST,2020-10-29,2020-10-29 19:32:00 UTC,Guadalajara,376395,emmguevara,Emmanuel Guevara Lazcano,2020-11-02 14:30:30 UTC,2021-01-16 20:33:13 UTC,research,CC-BY-NC-SA,https://www.inaturalist.org/observations/64038087,https://inaturalist-open-data.s3.amazonaws.com/photos/102882307/medium.jpeg,,"","",1,0,false,,"Bolaños, Jal., México",21.9192890485,-103.9211094492,165,,,,165,,,false,,,Maguey lechuguilla,Agave maximiliana,,Plantae,273686
64040192,ce067192-04af-40d9-ada4-4eb33f83a9fb,2020/10/29 2:22 PM CST,2020-10-29,2020-10-29 20:22:00 UTC,Guadalajara,376395,emmguevara,Emmanuel Guevara Lazcano,2020-11-02 15:11:30 UTC,2020-12-16 15:42:01 UTC,research,CC-BY-NC-SA,https://www.inaturalist.org/observations/64040192,https://inaturalist-open-data.s3.amazonaws.com/photos/102886270/medium.jpeg,,"","",1,0,false,,"Bolaños, Jal., México",21.9188152961,-103.9057277386,59,,,,59,,,false,,,Maguey lechuguilla,Agave maximiliana,,Plantae,273686
64076007,9c58a8bb-77bb-4663-8c51-c1eb0c6111f2,2020/11/01 9:59 AM CST,2020-11-01,2020-11-01 15:59:00 UTC,Guadalajara,5784,julio,Julio Alejandro Álvarez Ruiz,2020-11-03 01:03:21 UTC,2023-02-19 02:31:55 UTC,research,CC-BY,https://www.inaturalist.org/observations/64076007,https://static.inaturalist.org/photos/102942954/medium.jpeg,,"",,1,0,false,,"San Marcos, MX-JA, MX",20.8235135567,-104.2343788127,61,,,,61,,,false,,,Maguey lechuguilla,Agave maximiliana,,Plantae,273686
65064002,cee7439d-9ad9-4f32-9ef8-cfedbb71886d,2020/10/10 12:10 PM MDT,2020-10-10,2020-10-10 18:10:00 UTC,Mazatlan,46144,eri_pagaza,Eri Pagaza,2020-11-17 07:38:20 UTC,2020-11-18 17:30:27 UTC,research,,https://www.inaturalist.org/observations/65064002,https://static.inaturalist.org/photos/104697102/medium.jpg,,"",,1,0,false,,"San Sebastián del Oeste, Jal., México",20.748857,-104.9753299722,,,,,,,,false,,,Maguey lechuguilla,Agave maximiliana,,Plantae,273686
66117393,3c6090c4-744e-4a41-bc4f-31b49b925d5a,Fri Dec 04 2020 14:34:47 GMT-0600 (CST),2020-12-04,2020-12-05 00:34:47 UTC,Hawaii,194311,damianayon,Damian Ayon,2020-12-05 02:27:11 UTC,2021-10-18 01:17:38 UTC,research,,https://www.inaturalist.org/observations/66117393,https://static.inaturalist.org/photos/106517152/medium.jpg,,"","",3,1,false,3,"Hostotipaquillo, JAL, MX",20.9800356742,-104.1194790648,531,,,,531,,open,false,,,Maguey lechuguilla,Agave maximiliana,,Plantae,273686
70293780,67fd9831-e436-4d70-982f-22ac098eb886,2021/02/07 5:47 PM UTC,2021-02-07,2021-02-07 17:47:00 UTC,UTC,3336588,erendira_sedano,Eréndira Sedano,2021-02-28 02:28:06 UTC,2021-03-03 03:44:11 UTC,research,CC-BY-NC,https://www.inaturalist.org/observations/70293780,https://inaturalist-open-data.s3.amazonaws.com/photos/114243854/medium.jpeg,,"",,1,0,false,,"Tecolotlán, Jal., México",20.2870830139,-104.0237799135,1953,,,,1953,,,false,,,Maguey lechuguilla,Agave maximiliana,,Plantae,273686
73577850,a98540c3-213c-4045-891a-27f6ce349971,2021/04/10 12:59 PM CDT,2021-04-10,2021-04-10 17:59:00 UTC,Guadalajara,376395,emmguevara,Emmanuel Guevara Lazcano,2021-04-11 03:18:13 UTC,2021-07-19 15:21:07 UTC,research,CC-BY-NC-SA,https://www.inaturalist.org/observations/73577850,https://inaturalist-open-data.s3.amazonaws.com/photos/120130878/medium.jpeg,,"","",1,0,false,,"Magdalena, Jal., México",20.9291369052,-103.9732120088,51,,,,51,,,false,,,Maguey lechuguilla,Agave maximiliana,,Plantae,273686
75494724,ae56ebfc-8511-48e0-aecf-b22acd965d18,2021/04/24 6:07 PM UTC,2021-04-24,2021-04-24 18:07:00 UTC,UTC,4160687,valeria_sedano,,2021-04-28 00:53:12 UTC,2021-05-04 16:58:26 UTC,research,CC-BY-NC,https://www.inaturalist.org/observations/75494724,https://inaturalist-open-data.s3.amazonaws.com/photos/123514546/medium.jpeg,,"",,1,0,false,,"Tecolotlán, Jal., México",20.3062388626,-104.0638251082,122,,,,122,,,false,,,Maguey lechuguilla,Agave maximiliana,,Plantae,273686
75796392,510884b6-ba4a-4e74-8ea3-9663d46266d1,2021-02-12 11:40:00,2021-02-12,2021-02-12 17:40:00 UTC,Mexico City,72873,temsp,Thalia,2021-04-30 12:18:17 UTC,2024-10-24 03:14:45 UTC,research,CC-BY-NC,https://www.inaturalist.org/observations/75796392,https://inaturalist-open-data.s3.amazonaws.com/photos/124032546/medium.jpeg,,"",,0,0,false,2,"San Sebastián del Oeste, Jal., México",20.7681969191,-104.9126194417,165,,,,165,,open,false,,,Maguey lechuguilla,Agave maximiliana,,Plantae,273686
79768529,9bad1a6e-88f7-421d-ab20-aa4efe7ee73d,2021/05/20 5:05 PM CDT,2021-05-20,2021-05-20 22:05:00 UTC,Central Time (US & Canada),62141,pcarreyes,Pablo Carrillo-Reyes,2021-05-22 12:57:53 UTC,2021-05-24 15:23:33 UTC,research,CC-BY-NC,https://www.inaturalist.org/observations/79768529,https://inaturalist-open-data.s3.amazonaws.com/photos/130678785/medium.jpg,,"",,1,0,false,,"Mixtlán, Jal., México",20.6175133036,-104.5685403233,4,,,,4,,,false,,,Maguey lechuguilla,Agave maximiliana,,Plantae,273686
81910055,e2fc2dd0-e95d-41ba-a371-f2f86ba3bbdf,2021/06/05 2:08 PM CDT,2021-06-05,2021-06-05 19:08:00 UTC,Guadalajara,46643,josemareyes,Josema,2021-06-06 19:04:00 UTC,2021-06-08 22:46:37 UTC,research,CC-BY-NC,https://www.inaturalist.org/observations/81910055,https://inaturalist-open-data.s3.amazonaws.com/photos/134383148/medium.jpg,,"",,1,0,false,,"Bolaños, Jal., México",21.8592814889,-103.9305385936,1170,,,,1170,,,false,,,Agave maximiliana,Agave maximiliana,,Plantae,273686
82931618,c135acec-2dfc-4744-98e7-33f929dad084,2021-06-13 12:19:02,2021-06-13,2021-06-13 12:19:02 UTC,UTC,1409108,jonathanvazquez1,Jonathan Vazquez,2021-06-14 00:03:27 UTC,2022-11-21 15:14:47 UTC,research,,https://www.inaturalist.org/observations/82931618,https://static.inaturalist.org/photos/136155572/medium.jpeg,,"",,1,0,false,2,Bosque de la Primavera,20.6717395611,-103.5698811337,17148,,,,17148,,open,false,,,Maguey lechuguilla,Agave maximiliana,,Plantae,273686
91776435,2d509f58-a6e1-4e27-947f-7ed10e3c6d4e,2021/08/18 8:46 AM CDT,2021-08-18,2021-08-18 13:46:00 UTC,Guadalajara,376395,emmguevara,Emmanuel Guevara Lazcano,2021-08-19 19:59:26 UTC,2021-08-20 02:05:16 UTC,research,CC-BY-NC-SA,https://www.inaturalist.org/observations/91776435,https://inaturalist-open-data.s3.amazonaws.com/photos/151857155/medium.jpeg,,"","",1,0,false,,"Tuxcueca, Jal., México",20.1827161335,-103.3272813047,75,,,,75,,,false,,,Maguey lechuguilla,Agave maximiliana,,Plantae,273686
91798375,78f4d121-b861-43a5-b3df-d8c359f691ef,2021/08/18 10:06 AM CDT,2021-08-18,2021-08-18 15:06:00 UTC,Guadalajara,376395,emmguevara,Emmanuel Guevara Lazcano,2021-08-20 00:04:03 UTC,2021-08-20 02:05:32 UTC,research,CC-BY-NC-SA,https://www.inaturalist.org/observations/91798375,https://inaturalist-open-data.s3.amazonaws.com/photos/151897227/medium.jpeg,,"","",1,0,false,,"Tuxcueca, Jal., México",20.1796431795,-103.3346533117,93,,,,93,,,false,,,Maguey lechuguilla,Agave maximiliana,,Plantae,273686
92735499,0179d71f-ced0-43a3-b4f7-57a08e109069,2021/07/13 2:51 PM CDT,2021-07-13,2021-07-13 19:51:00 UTC,Central Time (US & Canada),78552,carlospalomera,Carlos Palomera,2021-08-28 02:09:10 UTC,2024-07-05 15:55:34 UTC,research,CC-BY-NC-ND,https://www.inaturalist.org/observations/92735499,https://inaturalist-open-data.s3.amazonaws.com/photos/153593214/medium.jpeg,,"",,2,0,false,,"Mascota, Jal., México",20.6187132003,-104.7522827137,122,,,,122,,open,false,,,Maguey lechuguilla,Agave maximiliana,,Plantae,273686
95107424,77fbc097-5f51-4b65-a5c8-0ec41c7e9a24,2021/01/22 12:14 PM CST,2021-01-22,2021-01-22 18:14:00 UTC,Guadalajara,393122,armando_carritos,Armando Mancilla,2021-09-17 02:41:18 UTC,2021-09-17 16:38:41 UTC,research,CC-BY-NC,https://www.inaturalist.org/observations/95107424,https://inaturalist-open-data.s3.amazonaws.com/photos/157852324/medium.jpg,,"",,1,0,false,,"Cuautitlán de García Barragán, Jal., México",19.5298667895,-104.1591765396,1003,,,,1003,,,false,,,Maguey lechuguilla,Agave maximiliana,,Plantae,273686
96190423,388e266e-9d38-4f53-84db-f9c18ebb0111,Tue Sep 21 2021 13:03:47 GMT-0700 (PDT),2021-09-21,2021-09-21 20:03:47 UTC,Pacific Time (US & Canada),864530,edgarpadilla,Edgar Padilla,2021-09-26 05:27:58 UTC,2024-02-16 16:42:37 UTC,research,,https://www.inaturalist.org/observations/96190423,https://static.inaturalist.org/photos/159772465/medium.jpg,,"","",2,1,false,3,"Carretera Mascota-Puerto Vallarta, La Estancia de Landeros, JAL, MX",20.77253,-104.909355,4,,,,4,,open,false,,,Agave maximiliana,Agave maximiliana,,Plantae,273686
96533510,d17c7e49-05cd-434d-a003-aec8850f3f13,2021/09/18 11:37 AM CDT,2021-09-18,2021-09-18 16:37:00 UTC,Guadalajara,5784,julio,Julio Alejandro Álvarez Ruiz,2021-09-29 00:35:15 UTC,2023-02-19 02:31:55 UTC,research,CC-BY,https://www.inaturalist.org/observations/96533510,https://static.inaturalist.org/photos/160384430/medium.jpeg,,"",,1,0,false,,"San Marcos, Jal., México",20.8177984144,-104.2365739531,925,,,,925,,open,false,,,Agave maximiliana,Agave maximiliana,,Plantae,273686
97516513,e06fb2b5-ad37-42d2-9099-06ab5eaaaed3,2019-08-30 17:29:36,2019-08-30,2019-08-30 22:29:36 UTC,Mexico City,62141,pcarreyes,Pablo Carrillo-Reyes,2021-10-08 03:57:05 UTC,2023-03-30 21:55:46 UTC,research,CC-BY-NC,https://www.inaturalist.org/observations/97516513,https://inaturalist-open-data.s3.amazonaws.com/photos/162194138/medium.jpeg,,"",,2,1,false,2,"46906 Jal., México",20.4259815214,-104.797943115,,,,,,,open,false,gps,gps,Maguey lechuguilla,Agave maximiliana,,Plantae,273686
97889505,d611706d-5140-4d9d-b14b-906c303c31e8,2021-10-09 17:57:39,2021-10-09,2021-10-09 22:57:39 UTC,Mexico City,62141,pcarreyes,Pablo Carrillo-Reyes,2021-10-11 13:31:47 UTC,2023-03-30 21:54:52 UTC,research,CC-BY-NC,https://www.inaturalist.org/observations/97889505,https://inaturalist-open-data.s3.amazonaws.com/photos/162877221/medium.jpeg,,"",,2,0,false,2,"48259 Jal., México",20.2114734647,-104.7590560911,,,,,,,open,false,gps,gps,Maguey lechuguilla,Agave maximiliana,,Plantae,273686
102239949,c15166e0-afcb-405e-a95c-614e0ae4c971,2021-11-27 14:25:59,2021-11-27,2021-11-27 20:25:59 UTC,Mexico City,62141,pcarreyes,Pablo Carrillo-Reyes,2021-11-30 14:26:41 UTC,2023-03-30 21:53:18 UTC,research,CC-BY-NC,https://www.inaturalist.org/observations/102239949,https://inaturalist-open-data.s3.amazonaws.com/photos/170863164/medium.jpeg,,"","",2,0,false,2,"Atenguillo, MX-JA, MX",20.386549,-104.609399,61,,,,61,,open,false,gps,gps,Maguey lechuguilla,Agave maximiliana,,Plantae,273686
102244634,293b05c7-1733-4caa-9b98-1f71d8d591b6,2021-11-27 14:27:15,2021-11-27,2021-11-27 20:27:15 UTC,Mexico City,3574096,abrahamsanchez,Abraham Sánchez Romero,2021-11-30 16:32:39 UTC,2021-12-01 06:15:25 UTC,research,CC-BY,https://www.inaturalist.org/observations/102244634,https://inaturalist-open-data.s3.amazonaws.com/photos/170872666/medium.jpeg,,"",,1,0,false,2,"46954 Jal., México",20.386869,-104.6089029722,,,,,,,open,false,gps,gps,Maguey lechuguilla,Agave maximiliana,,Plantae,273686
105484533,47ec89c4-8514-4c93-bbb8-b0ac425dcea2,2022-01-22 07:34:48,2022-01-22,2022-01-22 13:34:48 UTC,Mexico City,4167560,ananuno,Ana Nuño,2022-01-24 05:20:41 UTC,2022-10-26 14:32:40 UTC,research,CC-BY-NC,https://www.inaturalist.org/observations/105484533,https://inaturalist-open-data.s3.amazonaws.com/photos/176997919/medium.jpeg,,"",,1,0,false,2,"48443 Jal., México",20.3473231952,-105.2838120237,349,,,,349,,open,false,gps,gps,Maguey lechuguilla,Agave maximiliana,,Plantae,273686
112232719,c0f5b507-23fa-4a71-8b6a-bca1908d1dc0,2021-11-27,2021-11-27,,Mexico City,3288523,karlaposadastrejo,Karla Posadas Trejo,2022-04-21 03:57:57 UTC,2023-03-30 21:14:28 UTC,research,,https://www.inaturalist.org/observations/112232719,https://static.inaturalist.org/photos/189564440/medium.jpeg,,"",,2,0,false,2,"Jalisco, MX",20.4729036903,-104.5915740162,144,,,,30472,obscured,open,true,gps,gps,Agave maximiliana,Agave maximiliana,,Plantae,273686
124668227,7ff514b2-9cad-4725-ba5e-e9a17877e84e,2022-07-01 13:54:08,2022-07-01,2022-07-01 18:54:08 UTC,Mexico City,17894,ana_santiago,Ana Santiago,2022-07-04 02:23:48 UTC,2022-07-05 19:17:27 UTC,research,CC-BY-NC,https://www.inaturalist.org/observations/124668227,https://inaturalist-open-data.s3.amazonaws.com/photos/211331586/medium.jpeg,,"",,1,0,false,2,"Tapalpa, MX-JA, MX",20.03555986,-103.83184904,8,,,,8,,open,false,,,Maguey lechuguilla,Agave maximiliana,,Plantae,273686
124668251,b548d9a8-a2de-4409-bbd5-06e35259bf7f,2022-07-01 13:55:29,2022-07-01,2022-07-01 18:55:29 UTC,Mexico City,17894,ana_santiago,Ana Santiago,2022-07-04 02:24:05 UTC,2022-07-05 19:16:59 UTC,research,CC-BY-NC,https://www.inaturalist.org/observations/124668251,https://inaturalist-open-data.s3.amazonaws.com/photos/211331661/medium.jpeg,,"",,1,0,false,2,"Tapalpa, MX-JA, MX",20.03553804,-103.83184273,9,,,,9,,open,false,,,Maguey lechuguilla,Agave maximiliana,,Plantae,273686
126641818,954bfb05-ad98-4fa2-b675-89b301981510,2022-07-17 08:12:38,2022-07-17,2022-07-17 13:12:38 UTC,Mexico City,1089681,edgargmez,Edgar Gómez,2022-07-17 13:59:16 UTC,2023-03-30 21:13:04 UTC,research,,https://www.inaturalist.org/observations/126641818,https://static.inaturalist.org/photos/214899842/medium.jpeg,,"",,2,0,false,2,"46850 Jal., México",20.4388771056,-104.4093933103,,,,,,,open,false,gps,gps,Maguey lechuguilla,Agave maximiliana,,Plantae,273686
126755567,c215b92d-fbfe-4b55-9b8e-707c9bf7e1e4,2022-07-17 10:05:38-05:00,2022-07-17,2022-07-17 15:05:38 UTC,Mexico City,314773,biologo_patasalada,Rob Ornelas,2022-07-18 02:36:32 UTC,2023-03-30 21:13:00 UTC,research,,https://www.inaturalist.org/observations/126755567,https://static.inaturalist.org/photos/215106893/medium.jpg,,"","",2,0,false,3,"Mascota, JAL, MX",20.3774633333,-104.6039966667,8,,,,8,,open,false,,,Maguey lechuguilla,Agave maximiliana,,Plantae,273686
128180272,a1bcc95d-9674-49de-b986-1d322c98eae9,2022/07/21 4:39 PM,2022-07-21,2022-07-21 21:39:00 UTC,Mexico City,1369577,sosar,Daniel,2022-07-27 18:26:13 UTC,2023-03-30 22:35:07 UTC,research,CC-BY-NC-SA,https://www.inaturalist.org/observations/128180272,https://static.inaturalist.org/photos/217700404/medium.jpeg,,"","",1,0,false,,"Mascota, Jal., México",20.5000433333,-104.7703583333,,,,,,,open,false,,,Maguey lechuguilla,Agave maximiliana,,Plantae,273686
128568412,5d0e8e14-440e-4d7b-8d0c-36146d24bf88,2022/07/25 5:18 PM,2022-07-25,2022-07-25 22:18:00 UTC,Mexico City,24487,biologo_marino,Luis Daniel Santana Moreno,2022-07-30 06:36:01 UTC,2022-09-13 04:49:17 UTC,research,CC-BY-NC,https://www.inaturalist.org/observations/128568412,https://inaturalist-open-data.s3.amazonaws.com/photos/218397126/medium.jpeg,,"",,2,0,false,,"Tecolotlán, Jal., México",20.2755811948,-104.0621327914,8,,,,8,,open,false,,,Agave maximiliana,Agave maximiliana,,Plantae,273686
129005199,bccbb283-fa16-4b59-9e76-825dd2ae4893,2021-11-27 14:27:30,2021-11-27,2021-11-27 20:27:30 UTC,Mexico City,1946880,danielhdez,Daniel Hernandez-Campos,2022-08-01 17:15:04 UTC,2023-03-30 21:11:01 UTC,research,,https://www.inaturalist.org/observations/129005199,https://static.inaturalist.org/photos/219178455/medium.jpeg,,"",,1,0,false,2,"Atenguillo, Jal., México",20.4194983876,-104.5363943651,1859,,,,1859,,open,false,gps,gps,Maguey lechuguilla,Agave maximiliana,,Plantae,273686
134681885,c8bc1d28-71ac-4ea4-b7d8-e31f0c5d0ef7,2022/08/14 11:07 AM,2022-08-14,2022-08-14 16:07:00 UTC,Mexico City,5784,julio,Julio Alejandro Álvarez Ruiz,2022-09-12 02:23:29 UTC,2023-02-19 02:31:55 UTC,research,CC-BY,https://www.inaturalist.org/observations/134681885,https://static.inaturalist.org/photos/229608019/medium.jpeg,,"",,3,0,false,,"Ahualulco de Mercado, Jal., México",20.7456680754,-103.887067453,102,,,,102,,open,false,,,Agave maximiliana maximiliana,Agave maximiliana maximiliana,,Plantae,314481
136663846,1a3d683e-3222-438c-bb15-ab8d04c4a6d5,2022-09-25 13:13:42-05:00,2022-09-25,2022-09-25 18:13:42 UTC,Mexico City,864530,edgarpadilla,Edgar Padilla,2022-09-27 06:50:38 UTC,2023-03-30 21:02:03 UTC,research,,https://www.inaturalist.org/observations/136663846,https://static.inaturalist.org/photos/233280969/medium.jpg,,"","",1,0,false,3,"Mascota, JAL, MX",20.6302383333,-104.732995,4,,,,4,,open,false,,,Maguey lechuguilla,Agave maximiliana,,Plantae,273686
141952924,e9368ab8-2d0d-4959-b7d9-5bdda9cc0a1e,2022-11-13 09:39:04-06:00,2022-11-13,2022-11-13 15:39:04 UTC,Mexico City,314773,biologo_patasalada,Rob Ornelas,2022-11-14 02:10:25 UTC,2024-04-17 04:37:14 UTC,research,,https://www.inaturalist.org/observations/141952924,https://static.inaturalist.org/photos/243292068/medium.jpg,,"","",1,0,false,3,"Cabo Corrientes, JAL, MX",20.395845,-105.3175883333,8,,,,8,,open,false,,,Maguey lechuguilla,Agave maximiliana,,Plantae,273686
143719647,c97c6660-7ed7-49aa-ab42-83e9a1f05eb0,2022-12-04 12:21:26-06:00,2022-12-04,2022-12-04 18:21:26 UTC,Mexico City,5474223,diego_canales2,Diego Canales,2022-12-05 12:34:07 UTC,2022-12-07 18:02:26 UTC,research,,https://www.inaturalist.org/observations/143719647,https://static.inaturalist.org/photos/246529013/medium.jpg,,"","",2,0,false,3,"Chiquilistlán, JAL, MX",20.0807305,-103.84738,4,,,,4,,open,false,,,Maguey lechuguilla,Agave maximiliana,,Plantae,273686
144269154,a07f3112-7556-4862-b493-85650a09a030,2022-12-12 15:10:57,2022-12-12,2022-12-12 21:10:57 UTC,Mexico City,5539522,ricardo_betancourt,Ricardo Betancourt Sánchez,2022-12-13 02:10:16 UTC,2023-03-27 13:31:54 UTC,research,,https://www.inaturalist.org/observations/144269154,https://inaturalist-open-data.s3.amazonaws.com/photos/247576718/medium.jpeg,,"",,1,0,false,2,"Zapopan, Jal., México",20.7158799722,-103.5386459722,,,,,,,open,false,gps,gps,Maguey lechuguilla,Agave maximiliana,,Plantae,273686
144348315,49cc074f-0981-4e11-99cc-15e9fe5d6249,2020/01/29 2:47 PM,2020-01-29,2020-01-29 20:47:00 UTC,Mexico City,5060061,forestaltovar97,Miguel Ángel,2022-12-14 08:11:02 UTC,2023-03-30 20:06:40 UTC,research,CC-BY-NC,https://www.inaturalist.org/observations/144348315,https://inaturalist-open-data.s3.amazonaws.com/photos/247727157/medium.jpeg,,"","",1,0,false,,"Cuautla, Jal., México",20.1393089105,-104.4843283875,1000,,,,1000,,open,false,,,Maguey lechuguilla,Agave maximiliana,,Plantae,273686
144579831,7bc182df-592b-44e5-b8c7-984072455636,2020/01/23 10:25 AM,2020-01-23,2020-01-23 16:25:00 UTC,Mexico City,5060061,forestaltovar97,Miguel Ángel,2022-12-18 03:56:33 UTC,2023-03-30 20:06:15 UTC,research,CC-BY-NC,https://www.inaturalist.org/observations/144579831,https://inaturalist-open-data.s3.amazonaws.com/photos/248173075/medium.jpeg,,"","",1,0,false,,"Mixtlán, Jal., México",20.635519824,-104.5045519711,1500,,,,1500,,open,false,,,Maguey lechuguilla,Agave maximiliana,,Plantae,273686
144580038,db4d6b87-9772-4722-9284-1d62ab7c5ae9,2010/01/03 1:33 AM,2010-01-03,2010-01-03 07:33:00 UTC,Mexico City,5060061,forestaltovar97,Miguel Ángel,2022-12-18 04:01:22 UTC,2023-03-30 20:06:22 UTC,research,CC-BY-NC,https://www.inaturalist.org/observations/144580038,https://inaturalist-open-data.s3.amazonaws.com/photos/248173524/medium.jpeg,,"","",1,0,false,,"San Sebastián del Oeste, Jal., México",20.7545888378,-104.8595881244,1000,,,,1000,,open,false,,,Maguey lechuguilla,Agave maximiliana,,Plantae,273686
144580703,8d0b5e87-ef0c-49d6-bcd8-b32e06e2a82f,2010/01/01 1:09 AM,2010-01-01,2010-01-01 07:09:00 UTC,Mexico City,5060061,forestaltovar97,Miguel Ángel,2022-12-18 04:16:17 UTC,2023-03-30 20:05:50 UTC,research,CC-BY-NC,https://www.inaturalist.org/observations/144580703,https://inaturalist-open-data.s3.amazonaws.com/photos/248175021/medium.jpeg,,"","",1,0,false,,"Mascota, Jal., México",20.6642073602,-104.7368515819,2000,,,,2000,,open,false,,,Maguey lechuguilla,Agave maximiliana,,Plantae,273686
144580931,cd9d996b-ce07-449f-b20f-979cdf958e4a,2010/01/01 1:02 AM,2010-01-01,2010-01-01 07:02:00 UTC,Mexico City,5060061,forestaltovar97,Miguel Ángel,2022-12-18 04:19:41 UTC,2023-03-30 20:02:05 UTC,research,CC-BY-NC,https://www.inaturalist.org/observations/144580931,https://inaturalist-open-data.s3.amazonaws.com/photos/248175528/medium.jpeg,,"","",1,0,false,,"Mascota, Jal., México",20.6607493114,-104.7505844921,1500,,,,1500,,open,false,,,Maguey lechuguilla,Agave maximiliana,,Plantae,273686
148623335,2a336e3b-2bde-4ea8-a91f-f186f7a65ee4,2023/02/11 2:12 PM,2023-02-11,2023-02-11 20:12:00 UTC,Mexico City,376395,emmguevara,Emmanuel Guevara Lazcano,2023-02-12 18:34:28 UTC,2023-03-27 14:02:24 UTC,research,CC-BY-NC-SA,https://www.inaturalist.org/observations/148623335,https://inaturalist-open-data.s3.amazonaws.com/photos/255973288/medium.jpeg,,"","",1,0,false,,"Municipio de Chapala, Jal., México",20.3250582308,-103.2720609373,8,,,,8,,open,false,,,Maguey lechuguilla,Agave maximiliana,,Plantae,273686
149828197,b0b2d96d-62b3-47ae-b15f-7bf36c1e1c46,2023-02-25 18:28:53,2023-02-25,2023-02-26 00:28:53 UTC,Mexico City,5539522,ricardo_betancourt,Ricardo Betancourt Sánchez,2023-02-27 15:46:18 UTC,2023-03-31 01:54:03 UTC,research,,https://www.inaturalist.org/observations/149828197,https://inaturalist-open-data.s3.amazonaws.com/photos/258241068/medium.jpeg,,"",,1,0,false,2,"48259 Jal., México",20.2115745278,-104.7591094722,,,,,,,open,false,gps,gps,Maguey lechuguilla,Agave maximiliana,,Plantae,273686
149836106,59bbc8ce-74ed-40fa-be2a-c2264ac6fbae,2023-02-26 07:46:11,2023-02-26,2023-02-26 13:46:11 UTC,Mexico City,5539522,ricardo_betancourt,Ricardo Betancourt Sánchez,2023-02-27 17:45:13 UTC,2023-03-30 23:37:02 UTC,research,,https://www.inaturalist.org/observations/149836106,https://inaturalist-open-data.s3.amazonaws.com/photos/258256608/medium.jpeg,,"",,1,0,false,2,"48259 Jal., México",20.2116126944,-104.7586593611,,,,,,,open,false,gps,gps,Maguey lechuguilla,Agave maximiliana,,Plantae,273686
149874441,46591625-7606-442d-8032-dde7a57ede4d,2023/02/25 6:34 PM,2023-02-25,2023-02-26 00:34:00 UTC,Mexico City,1655189,tonantzincastror,Tonantzin Castro,2023-02-28 02:35:43 UTC,2023-04-16 21:55:23 UTC,research,,https://www.inaturalist.org/observations/149874441,https://static.inaturalist.org/photos/258328953/medium.jpeg,,"",,1,0,false,,"48259 Talpa de Allende, Jal., México",20.2125717,-104.7593902,205,,,,205,,open,false,,,Maguey lechuguilla,Agave maximiliana,,Plantae,273686
151135220,8f9cf425-0eae-41f7-b773-920f0af1df5f,2023/01/26 10:39 AM,2023-01-26,2023-01-26 16:39:00 UTC,Mexico City,3574096,abrahamsanchez,Abraham Sánchez Romero,2023-03-14 16:45:47 UTC,2024-01-09 21:11:18 UTC,research,CC-BY,https://www.inaturalist.org/observations/151135220,https://inaturalist-open-data.s3.amazonaws.com/photos/260726169/medium.jpeg,,"","",1,0,false,,"San Sebastián del Oeste, Jal., México",20.7897980556,-104.8394297222,,,,,,,open,false,,,Agave maximiliana,Agave maximiliana,,Plantae,273686
158885588,2d31f7ef-beb3-4667-bae5-9c7761229ab5,2023-05-01 14:08:53,2023-05-01,2023-05-01 20:08:53 UTC,Mexico City,6518445,shaddyyyzzz29,Angel David,2023-05-01 21:54:39 UTC,2023-05-02 01:31:13 UTC,research,CC-BY-NC,https://www.inaturalist.org/observations/158885588,https://inaturalist-open-data.s3.amazonaws.com/photos/274525010/medium.jpeg,,"",,1,0,false,2,"46993 Jal., México",20.733675,-104.8275583333,,,,,,,open,false,,,Maguey lechuguilla,Agave maximiliana,,Plantae,273686
161895359,426f8bf9-bcbf-43ba-b1de-fd70af5a1cc2,2023/05/14 2:34 PM,2023-05-14,2023-05-14 20:34:00 UTC,Mexico City,4935254,bryanbacm,"",2023-05-16 00:06:16 UTC,2023-05-23 03:00:47 UTC,research,CC-BY-NC,https://www.inaturalist.org/observations/161895359,https://inaturalist-open-data.s3.amazonaws.com/photos/279873376/medium.jpeg,,"","",1,0,false,,"Tecolotlán, Jal., México",20.2928570892,-104.0500545543,1631,,,,1631,,open,false,,,Agave maximiliana katharinae,Agave maximiliana katharinae,,Plantae,314477
163236483,11456beb-c4e1-4f65-99f3-e921cc67fcab,2023/04/22 7:24 PM,2023-04-22,2023-04-23 01:24:00 UTC,Mexico City,3433127,bernimyceto777,Fer spp.,2023-05-23 01:31:07 UTC,2023-06-04 18:22:16 UTC,research,,https://www.inaturalist.org/observations/163236483,https://static.inaturalist.org/photos/282312435/medium.jpg,,"","",1,0,false,,"49825 Los Mazos, Jal., México",19.5724533,-103.5136554,1248,,,,1248,,open,false,,,Maguey lechuguilla,Agave maximiliana,,Plantae,273686
165839622,ae8dee9a-5f1c-42d5-880e-1d3214b957c8,2023-06-05 11:23:08-06:00,2023-06-05,2023-06-05 17:23:08 UTC,Mexico City,314773,biologo_patasalada,Rob Ornelas,2023-06-06 03:16:30 UTC,2024-04-17 04:22:24 UTC,research,,https://www.inaturalist.org/observations/165839622,https://static.inaturalist.org/photos/287118892/medium.jpg,,"","",1,0,false,3,"San Sebastián del Oeste, JAL, MX",20.750595,-104.9741833333,64,,,,64,,open,false,,,Maguey lechuguilla,Agave maximiliana,,Plantae,273686
170851900,336c2746-a716-4aa3-8c47-e44ef84d04b3,2023-07-02 09:33:29,2023-07-02,2023-07-02 15:33:29 UTC,Mexico City,62141,pcarreyes,Pablo Carrillo-Reyes,2023-07-03 15:38:07 UTC,2023-09-13 23:02:58 UTC,research,CC-BY-NC,https://www.inaturalist.org/observations/170851900,https://inaturalist-open-data.s3.amazonaws.com/photos/296396303/medium.jpeg,,"","",1,0,false,2,"48245 Jal., México",20.312548,-104.970199,123,,,,123,,open,false,gps,gps,Agave maximiliana,Agave maximiliana,,Plantae,273686
170859288,236553d7-474a-4974-a657-5183087f1984,2023/02/10 3:07 PM,2023-02-10,2023-02-10 21:07:00 UTC,Mexico City,198043,chicomoztok,Alfonso Valdez,2023-07-03 16:17:30 UTC,2023-07-05 20:49:57 UTC,research,CC-BY-NC,https://www.inaturalist.org/observations/170859288,https://inaturalist-open-data.s3.amazonaws.com/photos/296408077/medium.jpg,,"",Exif_JPEG_420,1,0,false,,"Mezquitic, Jal., México",22.2411996125,-104.2682352335,3155,,,,3155,,open,false,,,Maguey lechuguilla,Agave maximiliana,,Plantae,273686
170859290,41be0903-0c55-4e74-a0b8-03952239a5fb,2023/02/10 3:26 PM,2023-02-10,2023-02-10 21:26:00 UTC,Mexico City,198043,chicomoztok,Alfonso Valdez,2023-07-03 16:17:30 UTC,2023-07-05 20:49:58 UTC,research,CC-BY-NC,https://www.inaturalist.org/observations/170859290,https://inaturalist-open-data.s3.amazonaws.com/photos/296408653/medium.jpg,,"",Exif_JPEG_420,1,0,false,,"Mezquitic, Jal., México",22.2411996125,-104.2682352335,3155,,,,3155,,open,false,,,Maguey lechuguilla,Agave maximiliana,,Plantae,273686
170859293,062d5a4b-145a-4b59-81d2-c546c5b41262,2023/02/10 3:07 PM,2023-02-10,2023-02-10 21:07:00 UTC,Mexico City,198043,chicomoztok,Alfonso Valdez,2023-07-03 16:17:31 UTC,2023-07-05 20:49:58 UTC,research,CC-BY-NC,https://www.inaturalist.org/observations/170859293,https://inaturalist-open-data.s3.amazonaws.com/photos/296408884/medium.jpg,,"",Exif_JPEG_420,1,0,false,,"Mezquitic, Jal., México",22.2411996125,-104.2682352335,3155,,,,3155,,open,false,,,Maguey lechuguilla,Agave maximiliana,,Plantae,273686
177433483,3b738a42-5a05-480e-9cf8-9e710f8c4b20,2023-08-06 12:58:26-06:00,2023-08-06,2023-08-06 18:58:26 UTC,Mexico City,5784,julio,Julio Alejandro Álvarez Ruiz,2023-08-09 00:42:01 UTC,2023-08-13 19:50:48 UTC,research,CC-BY,https://www.inaturalist.org/observations/177433483,https://static.inaturalist.org/photos/308595715/medium.jpg,,"","",1,0,false,3,"Ahualulco de Mercado, Jal., MX",20.7879716667,-103.8430166667,4,,,,4,,open,false,,,Maguey lechuguilla,Agave maximiliana,,Plantae,273686
191620607,d45b4bbe-ea67-449a-9789-1219fe382588,2023/10/21 12:16 PM,2023-10-21,2023-10-21 18:16:00 UTC,Mexico City,1305069,luispauperrimo,Luis F. Ramírez,2023-11-20 22:39:25 UTC,2023-12-10 20:26:45 UTC,research,CC-BY-NC-ND,https://www.inaturalist.org/observations/191620607,https://inaturalist-open-data.s3.amazonaws.com/photos/336199432/medium.jpeg,,"",,3,0,false,,"Pinar de la Venta, Jal., México",20.7165333498,-103.5299414949,4,,,,4,,open,false,,,Maguey lechuguilla,Agave maximiliana,,Plantae,273686
192654476,e31e27d7-43ed-472d-8a25-2bf69160768e,2021/01/03 3:56 PM,2021-01-03,2021-01-03 21:56:00 UTC,Mexico City,3961215,mar_gp,Mariana Gudiño,2023-11-30 18:02:16 UTC,2023-12-18 18:25:55 UTC,research,CC-BY-NC,https://www.inaturalist.org/observations/192654476,https://inaturalist-open-data.s3.amazonaws.com/photos/338251976/medium.jpg,,"","",1,0,false,,"Atemajac de Brizuela, Jal., México",20.1400775833,-103.7301864444,,,,,,,open,false,,,Maguey lechuguilla,Agave maximiliana,,Plantae,273686
194389634,8f2b57db-045a-4682-a4b4-a8160d828f1f,2023-12-19 14:28:33-06:00,2023-12-19,2023-12-19 20:28:33 UTC,Mexico City,1156888,nicebark,Robin White,2023-12-19 23:38:16 UTC,2024-02-05 04:38:46 UTC,research,CC-BY-NC,https://www.inaturalist.org/observations/194389634,https://inaturalist-open-data.s3.amazonaws.com/photos/341684791/medium.jpg,,"","",2,0,false,3,"San Sebastián del Oeste, Jal., MX",20.7624466667,-104.93567,74,,,,74,,open,false,,,Agave maximiliana,Agave maximiliana,,Plantae,273686
194450969,e597ead1-d6ba-4971-90ec-97c7003fcff8,2023-12-20 10:56:58,2023-12-20,2023-12-20 16:56:58 UTC,Mexico City,1466136,adrian183,Adrian Barraz Navarro,2023-12-20 19:53:25 UTC,2023-12-21 02:24:44 UTC,research,"",https://www.inaturalist.org/observations/194450969,https://static.inaturalist.org/photos/341804947/medium.jpeg,,"",,1,0,false,2,"Chapala, MX-JA, MX",20.32518542,-103.27210653,3,,,,3,,open,false,,,Maguey lechuguilla,Agave maximiliana,,Plantae,273686
195346322,dc3a9cb0-327d-43e4-9021-b69bb8387fef,2023/12/29 5:47 PM,2023-12-29,2023-12-29 23:47:00 UTC,Mexico City,3961215,mar_gp,Mariana Gudiño,2023-12-31 06:37:37 UTC,2023-12-31 13:50:07 UTC,research,CC-BY-NC,https://www.inaturalist.org/observations/195346322,https://inaturalist-open-data.s3.amazonaws.com/photos/343635961/medium.jpeg,,"",,1,0,false,,"Atemajac de Brizuela, Jal., México",20.1332890584,-103.7383652082,183,,,,183,,open,false,,,Maguey lechuguilla,Agave maximiliana,,Plantae,273686
195620762,3c42d3b3-79cf-421f-b183-09110b3872c6,2023/12/29 9:17 AM,2023-12-29,2023-12-29 15:17:00 UTC,Mexico City,376395,emmguevara,Emmanuel Guevara Lazcano,2024-01-03 01:29:08 UTC,2024-09-19 01:08:39 UTC,research,CC-BY-NC-SA,https://www.inaturalist.org/observations/195620762,https://inaturalist-open-data.s3.amazonaws.com/photos/344192565/medium.jpeg,,"","",2,0,false,,"San Sebastián del Oeste, Jal., México",20.7451389199,-104.9895861141,31,,,,31,,open,false,,,Maguey lechuguilla,Agave maximiliana,,Plantae,273686
196846503,a75a9c22-0328-4c40-9ae0-8da76e922d03,2023-11-09 16:59:00-06:00,2023-11-09,2023-11-09 22:59:00 UTC,Mexico City,3875018,betozr56,Beto Zenteno Ríos,2024-01-16 16:17:06 UTC,2024-01-17 07:28:40 UTC,research,,https://www.inaturalist.org/observations/196846503,https://static.inaturalist.org/photos/346544894/medium.jpg,,"","",1,0,false,3,"Carretera a el Texcalame, Tecolotlán, Jal., MX",20.3560966667,-104.0466611667,49,,,,49,,open,false,,,Maguey lechuguilla,Agave maximiliana,,Plantae,273686
196957718,4900f147-7ae8-41b4-a4c0-9c8117e52f9a,2024/01/13 9:54 AM,2024-01-13,2024-01-13 15:54:00 UTC,Mexico City,265030,nickmoore91,Nick Moore,2024-01-18 01:59:29 UTC,2024-01-25 17:55:40 UTC,research,CC0,https://www.inaturalist.org/observations/196957718,https://inaturalist-open-data.s3.amazonaws.com/photos/346768613/medium.jpg,,"",,1,0,false,,"San Sebastián del Oeste, Jalisco, Mexico",20.7384861111,-104.8208305556,4,,,,4,,open,false,,,Agave maximiliana,Agave maximiliana,,Plantae,273686
197252220,b2ee47cd-8ab1-4f5f-983c-73eb3ec40031,2024-01-21 13:27:28-06:00,2024-01-21,2024-01-21 19:27:28 UTC,Mexico City,7640289,tavogutierrez,Tavo Gutierrez,2024-01-21 20:20:20 UTC,2024-11-12 21:58:14 UTC,research,,https://www.inaturalist.org/observations/197252220,https://static.inaturalist.org/photos/347365590/medium.jpg,,"","",2,0,false,3,"Tapalpa, Jal., MX",19.9189916667,-103.8104333333,3,,,,3,,open,false,,,Agave maximiliana,Agave maximiliana,,Plantae,273686
199402717,d41e8da9-bb8c-48d6-8670-299dc47224b1,2024/02/05 7:06 PM,2024-02-05,2024-02-06 01:06:00 UTC,Mexico City,62141,pcarreyes,Pablo Carrillo-Reyes,2024-02-15 22:27:16 UTC,2024-02-15 22:36:49 UTC,research,CC-BY-NC,https://www.inaturalist.org/observations/199402717,https://inaturalist-open-data.s3.amazonaws.com/photos/351649647/medium.jpeg,,"","",1,0,false,,"Talpa de Allende, Jal., México",20.3401695613,-104.9578198446,4,,,,4,,open,false,,,Agave maximiliana,Agave maximiliana,,Plantae,273686
203827608,4413d3dc-efea-4491-bd38-335ff060753c,2024-03-18 04:51:42,2024-03-18,2024-03-18 10:51:42 UTC,Mexico City,1368498,natalia_cordero,natalia cordero,2024-03-25 00:41:56 UTC,2024-04-15 03:22:24 UTC,research,,https://www.inaturalist.org/observations/203827608,https://static.inaturalist.org/photos/360180922/medium.jpeg,,"",,1,0,false,2,"48093 Jalisco, Mexico",19.8670283633,-104.4812625647,2397,,,,2397,,open,false,,,Maguey lechuguilla,Agave maximiliana,,Plantae,273686
204670294,5bc4f27b-a29d-4b71-86ab-9841544d2c17,2024-03-30 13:40:48-06:00,2024-03-30,2024-03-30 19:40:48 UTC,Mexico City,314773,biologo_patasalada,Rob Ornelas,2024-03-31 02:33:32 UTC,2024-04-17 04:05:09 UTC,research,,https://www.inaturalist.org/observations/204670294,https://static.inaturalist.org/photos/361813761/medium.jpg,,"","",1,0,false,3,"Talpa de Allende, Jal., MX",20.3970383333,-104.8793333333,4,,,,4,,open,false,,,Maguey lechuguilla,Agave maximiliana,,Plantae,273686
238535875,176b423e-6068-44d8-82fb-049a27bae6cb,2024-08-24 14:19:28,2024-08-24,2024-08-24 20:19:28 UTC,Mexico City,7858171,cassydy,cassandra Vázquez,2024-08-29 03:37:45 UTC,2024-08-29 03:56:35 UTC,research,CC-BY-NC,https://www.inaturalist.org/observations/238535875,https://inaturalist-open-data.s3.amazonaws.com/photos/424686213/medium.jpeg,,"",,1,0,false,2,"45221 Jal., México",20.718204,-103.540316,,,,,,,open,false,gps,gps,Maguey lechuguilla,Agave maximiliana,,Plantae,273686
248635200,820248b8-645a-4d27-ac2f-2465f6e620a1,2017/01/21 2:21 PM,2017-01-21,2017-01-21 20:21:00 UTC,Mexico City,24349,murillo0409,Murillo,2024-10-22 18:42:04 UTC,2024-10-22 20:05:30 UTC,research,CC-BY-NC,https://www.inaturalist.org/observations/248635200,https://inaturalist-open-data.s3.amazonaws.com/photos/444298521/medium.jpeg,,"",,0,0,false,,"Ahualulco de Mercado, Jal., México",20.7861576551,-103.8471669968,244,,,,244,,open,false,,,Maguey lechuguilla,Agave maximiliana,,Plantae,273686
253170549,bf2ceb9a-d221-49f5-8229-a47d96eede78,2024-11-24 15:19:28,2024-11-24,2024-11-24 21:19:28 UTC,Mexico City,8745609,yunuenurzua,Yunuen,2024-11-26 14:55:49 UTC,2024-11-29 20:47:22 UTC,research,CC-BY-NC,https://www.inaturalist.org/observations/253170549,https://inaturalist-open-data.s3.amazonaws.com/photos/453267377/medium.jpeg,,"","Monocotiledóneas
Familia: Asparagaceae",0,0,false,2,"48922 Jal., México",19.6994165504,-104.3790083751,5,,,,5,,open,false,,,Maguey Lechuguilla,Agave maximiliana,,Plantae,273686
254627121,75494fa0-3cd3-4259-9695-65bb1150ca29,2024/12/08 9:31 AM,2024-12-08,2024-12-08 15:31:00 UTC,Mexico City,1085106,mexfantmaravilloso,Mexfant Maravilloso,2024-12-09 14:49:13 UTC,2024-12-10 21:30:26 UTC,research,CC-BY-NC,https://www.inaturalist.org/observations/254627121,https://inaturalist-open-data.s3.amazonaws.com/photos/456124896/medium.jpeg,,"",,0,0,false,,"Chiquilistlán, Jal., México",20.0535413701,-103.8620494473,7614,,,,7614,,open,false,,,Maguey lechuguilla,Agave maximiliana,,Plantae,273686
